"Brand","Type","Year","Model","URL"
"Suzuki","Scooter","2024","BURGMAN 400 [AN400A]","https://partsfinder.onlinemicrofiche.com/blackfootonline/showmodel/13/suzukisc/65"
"Suzuki","Scooter","2023","BURGMAN 400 [AN400A]","https://partsfinder.onlinemicrofiche.com/blackfootonline/showmodel/13/suzukisc/64"
"Suzuki","Scooter","2022","BURGMAN 200 [UH200A]","https://partsfinder.onlinemicrofiche.com/blackfootonline/showmodel/13/suzukisc/62"
"Suzuki","Scooter","2022","BURGMAN 400 [AN400A]","https://partsfinder.onlinemicrofiche.com/blackfootonline/showmodel/13/suzukisc/63"
"Suzuki","Scooter","2020","BURGMAN 200 [UH200A]","https://partsfinder.onlinemicrofiche.com/blackfootonline/showmodel/13/suzukisc/60"
"Suzuki","Scooter","2020","BURGMAN 400 [AN400A]","https://partsfinder.onlinemicrofiche.com/blackfootonline/showmodel/13/suzukisc/61"
"Suzuki","Scooter","2019","BURGMAN 200 [UH200A]","https://partsfinder.onlinemicrofiche.com/blackfootonline/showmodel/13/suzukisc/58"
"Suzuki","Scooter","2019","BURGMAN 400 [AN400A]","https://partsfinder.onlinemicrofiche.com/blackfootonline/showmodel/13/suzukisc/59"
"Suzuki","Scooter","2018","BURGMAN 200 [UH200A]","https://partsfinder.onlinemicrofiche.com/blackfootonline/showmodel/13/suzukisc/53"
"Suzuki","Scooter","2018","BURGMAN 400 ABS [AN400A]","https://partsfinder.onlinemicrofiche.com/blackfootonline/showmodel/13/suzukisc/56"
"Suzuki","Scooter","2018","BURGMAN 650 EXECUTIVE ABS [AN650Z]","https://partsfinder.onlinemicrofiche.com/blackfootonline/showmodel/13/suzukisc/57"
"Suzuki","Scooter","2017","BURGMAN 650 EXECUTIVE ABS [AN650Z]","https://partsfinder.onlinemicrofiche.com/blackfootonline/showmodel/13/suzukisc/54"
"Suzuki","Scooter","2017","BURGMAN 200 [UH200A]","https://partsfinder.onlinemicrofiche.com/blackfootonline/showmodel/13/suzukisc/55"
"Suzuki","Scooter","2016","BURGMAN 400 ABS [AN400A]","https://partsfinder.onlinemicrofiche.com/blackfootonline/showmodel/13/suzukisc/49"
"Suzuki","Scooter","2016","BURGMAN 400Z ABS [AN400ZA]","https://partsfinder.onlinemicrofiche.com/blackfootonline/showmodel/13/suzukisc/50"
"Suzuki","Scooter","2016","BURGMAN 650 EXECUTIVE [AN650]","https://partsfinder.onlinemicrofiche.com/blackfootonline/showmodel/13/suzukisc/51"
"Suzuki","Scooter","2016","BURGMAN 650 EXECUTIVE ABS [AN650Z]","https://partsfinder.onlinemicrofiche.com/blackfootonline/showmodel/13/suzukisc/52"
"Suzuki","Scooter","2015","AN400AL5 BURGMAN 400 ABS","https://partsfinder.onlinemicrofiche.com/blackfootonline/showmodel/13/suzukisc/46"
"Suzuki","Scooter","2015","AN400ZAL5 BURGMAN 400Z ABS","https://partsfinder.onlinemicrofiche.com/blackfootonline/showmodel/13/suzukisc/47"
"Suzuki","Scooter","2015","UH200AL5 BURGMAN","https://partsfinder.onlinemicrofiche.com/blackfootonline/showmodel/13/suzukisc/48"
"Suzuki","Scooter","2014","AN400AL4 BURGMAN 400 ABS","https://partsfinder.onlinemicrofiche.com/blackfootonline/showmodel/13/suzukisc/42"
"Suzuki","Scooter","2014","AN400ZAL4 BURGMAN 400Z ABS","https://partsfinder.onlinemicrofiche.com/blackfootonline/showmodel/13/suzukisc/43"
"Suzuki","Scooter","2014","AN650L4 BURGMAN 650 ABS","https://partsfinder.onlinemicrofiche.com/blackfootonline/showmodel/13/suzukisc/44"
"Suzuki","Scooter","2014","AN650ZL4 BURGMAN 650 ABS EXECUTIVE","https://partsfinder.onlinemicrofiche.com/blackfootonline/showmodel/13/suzukisc/45"
"Suzuki","Scooter","2013","AN400AL3  Burgman 400 ABS","https://partsfinder.onlinemicrofiche.com/blackfootonline/showmodel/13/suzukisc/38"
"Suzuki","Scooter","2013","AN400AZL3 Burgman 400 ABS Limited","https://partsfinder.onlinemicrofiche.com/blackfootonline/showmodel/13/suzukisc/39"
"Suzuki","Scooter","2013","AN650L3 Burgman 650","https://partsfinder.onlinemicrofiche.com/blackfootonline/showmodel/13/suzukisc/40"
"Suzuki","Scooter","2013","AN650ZL3 Burgman 650 (CANADA)","https://partsfinder.onlinemicrofiche.com/blackfootonline/showmodel/13/suzukisc/41"
"Suzuki","Scooter","2012","AN400AL2 Burgman 400 ABS","https://partsfinder.onlinemicrofiche.com/blackfootonline/showmodel/13/suzukisc/35"
"Suzuki","Scooter","2012","AN400ZAL2 Burgman 400 ABS Limited","https://partsfinder.onlinemicrofiche.com/blackfootonline/showmodel/13/suzukisc/36"
"Suzuki","Scooter","2012","AN650AL2 Burgman 650 Exec","https://partsfinder.onlinemicrofiche.com/blackfootonline/showmodel/13/suzukisc/37"
"Suzuki","Scooter","2011","AN400L1","https://partsfinder.onlinemicrofiche.com/blackfootonline/showmodel/13/suzukisc/30"
"Suzuki","Scooter","2011","AN400AL1","https://partsfinder.onlinemicrofiche.com/blackfootonline/showmodel/13/suzukisc/31"
"Suzuki","Scooter","2011","AN400ZAL1","https://partsfinder.onlinemicrofiche.com/blackfootonline/showmodel/13/suzukisc/32"
"Suzuki","Scooter","2011","AN650AL1","https://partsfinder.onlinemicrofiche.com/blackfootonline/showmodel/13/suzukisc/33"
"Suzuki","Scooter","2011","AN650L1","https://partsfinder.onlinemicrofiche.com/blackfootonline/showmodel/13/suzukisc/34"
"Suzuki","Scooter","2009","AN650K9","https://partsfinder.onlinemicrofiche.com/blackfootonline/showmodel/13/suzukisc/28"
"Suzuki","Scooter","2009","AN650AK9","https://partsfinder.onlinemicrofiche.com/blackfootonline/showmodel/13/suzukisc/29"
"Suzuki","Scooter","2008","AN400K8","https://partsfinder.onlinemicrofiche.com/blackfootonline/showmodel/13/suzukisc/25"
"Suzuki","Scooter","2008","AN650K8","https://partsfinder.onlinemicrofiche.com/blackfootonline/showmodel/13/suzukisc/26"
"Suzuki","Scooter","2008","AN650AK8","https://partsfinder.onlinemicrofiche.com/blackfootonline/showmodel/13/suzukisc/27"
"Suzuki","Scooter","2007","AN400K7","https://partsfinder.onlinemicrofiche.com/blackfootonline/showmodel/13/suzukisc/22"
"Suzuki","Scooter","2007","AN650K7","https://partsfinder.onlinemicrofiche.com/blackfootonline/showmodel/13/suzukisc/23"
"Suzuki","Scooter","2007","AN650AK7","https://partsfinder.onlinemicrofiche.com/blackfootonline/showmodel/13/suzukisc/24"
"Suzuki","Scooter","2006","AN400K6","https://partsfinder.onlinemicrofiche.com/blackfootonline/showmodel/13/suzukisc/18"
"Suzuki","Scooter","2006","AN400SK6","https://partsfinder.onlinemicrofiche.com/blackfootonline/showmodel/13/suzukisc/19"
"Suzuki","Scooter","2006","AN650K6","https://partsfinder.onlinemicrofiche.com/blackfootonline/showmodel/13/suzukisc/20"
"Suzuki","Scooter","2006","AN650AK6","https://partsfinder.onlinemicrofiche.com/blackfootonline/showmodel/13/suzukisc/21"
"Suzuki","Scooter","2005","AN400K5","https://partsfinder.onlinemicrofiche.com/blackfootonline/showmodel/13/suzukisc/15"
"Suzuki","Scooter","2005","AN400SK5","https://partsfinder.onlinemicrofiche.com/blackfootonline/showmodel/13/suzukisc/16"
"Suzuki","Scooter","2005","AN650K5","https://partsfinder.onlinemicrofiche.com/blackfootonline/showmodel/13/suzukisc/17"
"Suzuki","Scooter","2004","AN400K4","https://partsfinder.onlinemicrofiche.com/blackfootonline/showmodel/13/suzukisc/13"
"Suzuki","Scooter","2004","AN650K4","https://partsfinder.onlinemicrofiche.com/blackfootonline/showmodel/13/suzukisc/14"
"Suzuki","Scooter","2003","AN400K3","https://partsfinder.onlinemicrofiche.com/blackfootonline/showmodel/13/suzukisc/11"
"Suzuki","Scooter","2003","AN650K3","https://partsfinder.onlinemicrofiche.com/blackfootonline/showmodel/13/suzukisc/12"
"Suzuki","Scooter","1991","FA50M","https://partsfinder.onlinemicrofiche.com/blackfootonline/showmodel/13/suzukisc/10"
"Suzuki","Scooter","1990","FA50L","https://partsfinder.onlinemicrofiche.com/blackfootonline/showmodel/13/suzukisc/9"
"Suzuki","Scooter","1989","FA50K","https://partsfinder.onlinemicrofiche.com/blackfootonline/showmodel/13/suzukisc/8"
"Suzuki","Scooter","1988","FA50J","https://partsfinder.onlinemicrofiche.com/blackfootonline/showmodel/13/suzukisc/7"
"Suzuki","Scooter","1987","FA50H","https://partsfinder.onlinemicrofiche.com/blackfootonline/showmodel/13/suzukisc/6"
"Suzuki","Scooter","1986","FA50G","https://partsfinder.onlinemicrofiche.com/blackfootonline/showmodel/13/suzukisc/5"
"Suzuki","Scooter","1985","FA50F","https://partsfinder.onlinemicrofiche.com/blackfootonline/showmodel/13/suzukisc/4"
"Suzuki","Scooter","1984","FA50E","https://partsfinder.onlinemicrofiche.com/blackfootonline/showmodel/13/suzukisc/3"
"Suzuki","Scooter","1983","FA50D","https://partsfinder.onlinemicrofiche.com/blackfootonline/showmodel/13/suzukisc/2"
"Suzuki","Scooter","1982","FA50Z","https://partsfinder.onlinemicrofiche.com/blackfootonline/showmodel/13/suzukisc/1"